[{"model": "contenttypes.contenttype", "pk": 1, "fields": {"app_label": "cms", "model": "placeholder"}}, {"model": "contenttypes.contenttype", "pk": 2, "fields": {"app_label": "cms", "model": "page"}}, {"model": "contenttypes.contenttype", "pk": 3, "fields": {"app_label": "auth", "model": "permission"}}, {"model": "contenttypes.contenttype", "pk": 4, "fields": {"app_label": "auth", "model": "group"}}, {"model": "contenttypes.contenttype", "pk": 5, "fields": {"app_label": "auth", "model": "user"}}, {"model": "contenttypes.contenttype", "pk": 6, "fields": {"app_label": "contenttypes", "model": "contenttype"}}, {"model": "contenttypes.contenttype", "pk": 7, "fields": {"app_label": "sessions", "model": "session"}}, {"model": "contenttypes.contenttype", "pk": 8, "fields": {"app_label": "admin", "model": "logentry"}}, {"model": "contenttypes.contenttype", "pk": 9, "fields": {"app_label": "sites", "model": "site"}}, {"model": "contenttypes.contenttype", "pk": 10, "fields": {"app_label": "cms", "model": "cmsplugin"}}, {"model": "contenttypes.contenttype", "pk": 11, "fields": {"app_label": "cms", "model": "aliaspluginmodel"}}, {"model": "contenttypes.contenttype", "pk": 12, "fields": {"app_label": "cms", "model": "globalpagepermission"}}, {"model": "contenttypes.contenttype", "pk": 13, "fields": {"app_label": "cms", "model": "pagepermission"}}, {"model": "contenttypes.contenttype", "pk": 14, "fields": {"app_label": "cms", "model": "pageuser"}}, {"model": "contenttypes.contenttype", "pk": 15, "fields": {"app_label": "cms", "model": "pageusergroup"}}, {"model": "contenttypes.contenttype", "pk": 16, "fields": {"app_label": "cms", "model": "placeholderreference"}}, {"model": "contenttypes.contenttype", "pk": 17, "fields": {"app_label": "cms", "model": "staticplaceholder"}}, {"model": "contenttypes.contenttype", "pk": 18, "fields": {"app_label": "cms", "model": "title"}}, {"model": "contenttypes.contenttype", "pk": 19, "fields": {"app_label": "cms", "model": "usersettings"}}, {"model": "contenttypes.contenttype", "pk": 20, "fields": {"app_label": "cms", "model": "urlconfrevision"}}, {"model": "contenttypes.contenttype", "pk": 21, "fields": {"app_label": "cms", "model": "treenode"}}, {"model": "contenttypes.contenttype", "pk": 22, "fields": {"app_label": "cms", "model": "pagetype"}}, {"model": "contenttypes.contenttype", "pk": 23, "fields": {"app_label": "menus", "model": "cachekey"}}, {"model": "contenttypes.contenttype", "pk": 24, "fields": {"app_label": "djangocms_text_ckeditor", "model": "text"}}, {"model": "contenttypes.contenttype", "pk": 25, "fields": {"app_label": "filer", "model": "clipboard"}}, {"model": "contenttypes.contenttype", "pk": 26, "fields": {"app_label": "filer", "model": "clipboarditem"}}, {"model": "contenttypes.contenttype", "pk": 27, "fields": {"app_label": "filer", "model": "file"}}, {"model": "contenttypes.contenttype", "pk": 28, "fields": {"app_label": "filer", "model": "folder"}}, {"model": "contenttypes.contenttype", "pk": 29, "fields": {"app_label": "filer", "model": "folderpermission"}}, {"model": "contenttypes.contenttype", "pk": 30, "fields": {"app_label": "filer", "model": "image"}}, {"model": "contenttypes.contenttype", "pk": 31, "fields": {"app_label": "filer", "model": "thumbnailoption"}}, {"model": "contenttypes.contenttype", "pk": 32, "fields": {"app_label": "easy_thumbnails", "model": "source"}}, {"model": "contenttypes.contenttype", "pk": 33, "fields": {"app_label": "easy_thumbnails", "model": "thumbnail"}}, {"model": "contenttypes.contenttype", "pk": 34, "fields": {"app_label": "easy_thumbnails", "model": "thumbnaildimensions"}}, {"model": "contenttypes.contenttype", "pk": 35, "fields": {"app_label": "djangocms_column", "model": "column"}}, {"model": "contenttypes.contenttype", "pk": 36, "fields": {"app_label": "djangocms_column", "model": "multicolumns"}}, {"model": "contenttypes.contenttype", "pk": 37, "fields": {"app_label": "djangocms_file", "model": "file"}}, {"model": "contenttypes.contenttype", "pk": 38, "fields": {"app_label": "djangocms_file", "model": "folder"}}, {"model": "contenttypes.contenttype", "pk": 39, "fields": {"app_label": "djangocms_link", "model": "link"}}, {"model": "contenttypes.contenttype", "pk": 40, "fields": {"app_label": "djangocms_picture", "model": "picture"}}, {"model": "contenttypes.contenttype", "pk": 41, "fields": {"app_label": "djangocms_snippet", "model": "snippet"}}, {"model": "contenttypes.contenttype", "pk": 42, "fields": {"app_label": "djangocms_snippet", "model": "snippetptr"}}, {"model": "contenttypes.contenttype", "pk": 43, "fields": {"app_label": "djangocms_googlemap", "model": "googlemap"}}, {"model": "contenttypes.contenttype", "pk": 44, "fields": {"app_label": "djangocms_googlemap", "model": "googlemapmarker"}}, {"model": "contenttypes.contenttype", "pk": 45, "fields": {"app_label": "djangocms_googlemap", "model": "googlemaproute"}}, {"model": "contenttypes.contenttype", "pk": 46, "fields": {"app_label": "djangocms_video", "model": "videoplayer"}}, {"model": "contenttypes.contenttype", "pk": 47, "fields": {"app_label": "djangocms_video", "model": "videosource"}}, {"model": "contenttypes.contenttype", "pk": 48, "fields": {"app_label": "djangocms_video", "model": "videotrack"}}, {"model": "contenttypes.contenttype", "pk": 49, "fields": {"app_label": "aldryn_style", "model": "style"}}, {"model": "contenttypes.contenttype", "pk": 50, "fields": {"app_label": "hero_area_plugin", "model": "heroarea"}}, {"model": "contenttypes.contenttype", "pk": 51, "fields": {"app_label": "overview_plugin", "model": "overview"}}, {"model": "contenttypes.contenttype", "pk": 52, "fields": {"app_label": "overview_plugin", "model": "overviewitem"}}, {"model": "contenttypes.contenttype", "pk": 53, "fields": {"app_label": "testimonial_plugin", "model": "testimonial"}}, {"model": "contenttypes.contenttype", "pk": 54, "fields": {"app_label": "testimonial_plugin", "model": "testimonialplugin"}}, {"model": "contenttypes.contenttype", "pk": 55, "fields": {"app_label": "contact_me_plugin", "model": "message"}}, {"model": "contenttypes.contenttype", "pk": 56, "fields": {"app_label": "contact_me_plugin", "model": "shortcontact"}}, {"model": "contenttypes.contenttype", "pk": 57, "fields": {"app_label": "portfolio_app", "model": "mediaasset"}}, {"model": "contenttypes.contenttype", "pk": 58, "fields": {"app_label": "portfolio_app", "model": "project"}}, {"model": "contenttypes.contenttype", "pk": 59, "fields": {"app_label": "portfolio_app", "model": "tag"}}, {"model": "contenttypes.contenttype", "pk": 60, "fields": {"app_label": "profile_plugin", "model": "milestoneitem"}}, {"model": "contenttypes.contenttype", "pk": 61, "fields": {"app_label": "profile_plugin", "model": "profile"}}, {"model": "sessions.session", "pk": "f523mcl4z308vi0vja9tqyxk0p173y1a", "fields": {"session_data": "NTIzOGY4NDA1ODFhNGFmYTZmM2U2YjhmYTc0YTFiZjAxNDFhODA3Zjp7Il9hdXRoX3VzZXJfaWQiOiIxIiwiX2F1dGhfdXNlcl9iYWNrZW5kIjoiZGphbmdvLmNvbnRyaWIuYXV0aC5iYWNrZW5kcy5Nb2RlbEJhY2tlbmQiLCJfYXV0aF91c2VyX2hhc2giOiI5YzM4MDVjNzEwZDUxNDU5NzE5MjQ3ZDI3MDJhYWE0YjY2ZTUxZjVkIiwiY21zX3Rvb2xiYXJfZGlzYWJsZWQiOmZhbHNlLCJjbXNfZWRpdCI6ZmFsc2UsImNtc19wcmV2aWV3Ijp0cnVlLCJ3aXphcmRfd2l6YXJkX2NyZWF0ZV92aWV3Ijp7InN0ZXAiOm51bGwsInN0ZXBfZGF0YSI6e30sInN0ZXBfZmlsZXMiOnt9LCJleHRyYV9kYXRhIjp7fX19", "expire_date": "2018-04-18T01:54:56.409Z"}}, {"model": "sites.site", "pk": 1, "fields": {"domain": "example.com", "name": "example.com"}}, {"model": "cms.page", "pk": 1, "fields": {"created_by": "sinhnt", "changed_by": "sinhnt", "creation_date": "2018-04-04T01:47:37.467Z", "changed_date": "2018-04-04T01:47:46.472Z", "publication_date": "2018-04-04T01:47:37.548Z", "publication_end_date": null, "in_navigation": true, "soft_root": false, "reverse_id": null, "navigation_extenders": null, "template": "homepage.html", "login_required": false, "limit_visibility_in_menu": null, "is_home": true, "application_urls": null, "application_namespace": null, "publisher_is_draft": true, "publisher_public": 2, "languages": "en", "xframe_options": 0, "is_page_type": false, "node": 1, "placeholders": [2, 4, 5, 6, 7]}}, {"model": "cms.page", "pk": 2, "fields": {"created_by": "sinhnt", "changed_by": "sinhnt", "creation_date": "2018-04-04T01:47:37.549Z", "changed_date": "2018-04-04T01:54:55.770Z", "publication_date": "2018-04-04T01:47:37.548Z", "publication_end_date": null, "in_navigation": true, "soft_root": false, "reverse_id": null, "navigation_extenders": null, "template": "homepage.html", "login_required": false, "limit_visibility_in_menu": null, "is_home": true, "application_urls": null, "application_namespace": null, "publisher_is_draft": false, "publisher_public": 1, "languages": "en", "xframe_options": 0, "is_page_type": false, "node": 1, "placeholders": [3, 8, 9, 10, 11]}}, {"model": "cms.treenode", "pk": 1, "fields": {"path": "0001", "depth": 1, "numchild": 0, "parent": null, "site": 1}}, {"model": "cms.placeholder", "pk": 1, "fields": {"slot": "clipboard", "default_width": null}}, {"model": "cms.placeholder", "pk": 2, "fields": {"slot": "content", "default_width": null}}, {"model": "cms.placeholder", "pk": 3, "fields": {"slot": "content", "default_width": null}}, {"model": "cms.placeholder", "pk": 4, "fields": {"slot": "hero_area", "default_width": null}}, {"model": "cms.placeholder", "pk": 5, "fields": {"slot": "overview", "default_width": null}}, {"model": "cms.placeholder", "pk": 6, "fields": {"slot": "testimonials", "default_width": null}}, {"model": "cms.placeholder", "pk": 7, "fields": {"slot": "contact_me", "default_width": null}}, {"model": "cms.placeholder", "pk": 8, "fields": {"slot": "hero_area", "default_width": null}}, {"model": "cms.placeholder", "pk": 9, "fields": {"slot": "overview", "default_width": null}}, {"model": "cms.placeholder", "pk": 10, "fields": {"slot": "testimonials", "default_width": null}}, {"model": "cms.placeholder", "pk": 11, "fields": {"slot": "contact_me", "default_width": null}}, {"model": "cms.cmsplugin", "pk": 1, "fields": {"path": "0001", "depth": 1, "numchild": 0, "placeholder": 4, "parent": null, "position": 0, "language": "en", "plugin_type": "HeroAreaComponentPlugin", "creation_date": "2018-04-04T01:50:05.195Z", "changed_date": "2018-04-04T01:50:05.209Z"}}, {"model": "cms.cmsplugin", "pk": 2, "fields": {"path": "0002", "depth": 1, "numchild": 0, "placeholder": 5, "parent": null, "position": 0, "language": "en", "plugin_type": "OverviewComponentPlugin", "creation_date": "2018-04-04T01:52:38.669Z", "changed_date": "2018-04-04T01:52:38.686Z"}}, {"model": "cms.cmsplugin", "pk": 3, "fields": {"path": "0003", "depth": 1, "numchild": 0, "placeholder": 6, "parent": null, "position": 0, "language": "en", "plugin_type": "TestimonialComponentPlugin", "creation_date": "2018-04-04T01:54:13.288Z", "changed_date": "2018-04-04T01:54:13.300Z"}}, {"model": "cms.cmsplugin", "pk": 4, "fields": {"path": "0004", "depth": 1, "numchild": 0, "placeholder": 7, "parent": null, "position": 0, "language": "en", "plugin_type": "ShortContactComponentPlugin", "creation_date": "2018-04-04T01:54:42.794Z", "changed_date": "2018-04-04T01:54:42.803Z"}}, {"model": "cms.cmsplugin", "pk": 5, "fields": {"path": "0005", "depth": 1, "numchild": 0, "placeholder": 8, "parent": null, "position": 0, "language": "en", "plugin_type": "HeroAreaComponentPlugin", "creation_date": "2018-04-04T01:50:05.195Z", "changed_date": "2018-04-04T01:54:55.813Z"}}, {"model": "cms.cmsplugin", "pk": 6, "fields": {"path": "0006", "depth": 1, "numchild": 0, "placeholder": 9, "parent": null, "position": 0, "language": "en", "plugin_type": "OverviewComponentPlugin", "creation_date": "2018-04-04T01:52:38.669Z", "changed_date": "2018-04-04T01:54:55.833Z"}}, {"model": "cms.cmsplugin", "pk": 7, "fields": {"path": "0007", "depth": 1, "numchild": 0, "placeholder": 10, "parent": null, "position": 0, "language": "en", "plugin_type": "TestimonialComponentPlugin", "creation_date": "2018-04-04T01:54:13.288Z", "changed_date": "2018-04-04T01:54:55.857Z"}}, {"model": "cms.cmsplugin", "pk": 8, "fields": {"path": "0008", "depth": 1, "numchild": 0, "placeholder": 11, "parent": null, "position": 0, "language": "en", "plugin_type": "ShortContactComponentPlugin", "creation_date": "2018-04-04T01:54:42.794Z", "changed_date": "2018-04-04T01:54:55.884Z"}}, {"model": "cms.title", "pk": 1, "fields": {"language": "en", "title": "Home", "page_title": null, "menu_title": null, "meta_description": null, "slug": "home", "path": "", "has_url_overwrite": false, "redirect": null, "page": 1, "creation_date": "2018-04-04T01:47:37.473Z", "published": true, "publisher_is_draft": true, "publisher_public": 2, "publisher_state": 0}}, {"model": "cms.title", "pk": 2, "fields": {"language": "en", "title": "Home", "page_title": null, "menu_title": null, "meta_description": null, "slug": "home", "path": "", "has_url_overwrite": false, "redirect": null, "page": 2, "creation_date": "2018-04-04T01:47:37.473Z", "published": true, "publisher_is_draft": false, "publisher_public": 1, "publisher_state": 1}}, {"model": "cms.urlconfrevision", "pk": 1, "fields": {"revision": "00e1a561-2962-4003-89c6-c9ace5c8d561"}}, {"model": "menus.cachekey", "pk": 3, "fields": {"language": "en", "site": 1, "key": "cms_3.5.1_menu_nodes_en_1_1_user:public"}}, {"model": "hero_area_plugin.heroarea", "pk": 1, "fields": {"name": "Tam Phan", "message": "Lorem ipsum dolor sit amet", "image_file": "hero_area/img/kaji-1_jbiqObN.jpg", "youtube_introduction": "https://www.youtube.com/embed/RmsWnZXVIaI"}}, {"model": "hero_area_plugin.heroarea", "pk": 5, "fields": {"name": "Tam Phan", "message": "Lorem ipsum dolor sit amet", "image_file": "hero_area/img/kaji-1_jbiqObN.jpg", "youtube_introduction": "https://www.youtube.com/embed/RmsWnZXVIaI"}}, {"model": "overview_plugin.overview", "pk": 2, "fields": {}}, {"model": "overview_plugin.overview", "pk": 6, "fields": {}}, {"model": "overview_plugin.overviewitem", "pk": 1, "fields": {"title": "Code Quality", "description": "Lorem ipsum dolor sit amet, consectetur adipiscing elit. Suspendisse varius dolor risus. Nunc at nulla hendrerit, iaculis sem ut, malesuada felis. Aliquam erat volutpat. Nulla facilisi. Pellentesque habitant morbi tristique senectus et netus et malesuada fames ac turpis egestas. Donec congue cursus tellus, bibendum lobortis ante accumsan quis. Fusce vehicula diam sodales sapien commodo pretium vitae sit amet diam. Suspendisse pulvinar eros nec risus lacinia finibus. Suspendisse sodales est velit, vitae faucibus orci sollicitudin sit amet.", "image": "overview/img/getty_664731514_351704_En4D0QU.jpg", "overview_id": 2}}, {"model": "overview_plugin.overviewitem", "pk": 2, "fields": {"title": "Highly Adaptable", "description": "Lorem ipsum dolor sit amet, consectetur adipiscing elit. Suspendisse varius dolor risus. Nunc at nulla hendrerit, iaculis sem ut, malesuada felis. Aliquam erat volutpat. Nulla facilisi. Pellentesque habitant morbi tristique senectus et netus et malesuada fames ac turpis egestas. Donec congue cursus tellus, bibendum lobortis ante accumsan quis. Fusce vehicula diam sodales sapien commodo pretium vitae sit amet diam. Suspendisse pulvinar eros nec risus lacinia finibus. Suspendisse sodales est velit, vitae faucibus orci sollicitudin sit amet.", "image": "overview/img/technology-785742_1280-540x360_oDGMamc.jpg", "overview_id": 2}}, {"model": "overview_plugin.overviewitem", "pk": 3, "fields": {"title": "Highly Adaptable", "description": "Lorem ipsum dolor sit amet, consectetur adipiscing elit. Suspendisse varius dolor risus. Nunc at nulla hendrerit, iaculis sem ut, malesuada felis. Aliquam erat volutpat. Nulla facilisi. Pellentesque habitant morbi tristique senectus et netus et malesuada fames ac turpis egestas. Donec congue cursus tellus, bibendum lobortis ante accumsan quis. Fusce vehicula diam sodales sapien commodo pretium vitae sit amet diam. Suspendisse pulvinar eros nec risus lacinia finibus. Suspendisse sodales est velit, vitae faucibus orci sollicitudin sit amet.", "image": "overview/img/technology-785742_1280-540x360_oDGMamc.jpg", "overview_id": 6}}, {"model": "overview_plugin.overviewitem", "pk": 4, "fields": {"title": "Code Quality", "description": "Lorem ipsum dolor sit amet, consectetur adipiscing elit. Suspendisse varius dolor risus. Nunc at nulla hendrerit, iaculis sem ut, malesuada felis. Aliquam erat volutpat. Nulla facilisi. Pellentesque habitant morbi tristique senectus et netus et malesuada fames ac turpis egestas. Donec congue cursus tellus, bibendum lobortis ante accumsan quis. Fusce vehicula diam sodales sapien commodo pretium vitae sit amet diam. Suspendisse pulvinar eros nec risus lacinia finibus. Suspendisse sodales est velit, vitae faucibus orci sollicitudin sit amet.", "image": "overview/img/getty_664731514_351704_En4D0QU.jpg", "overview_id": 6}}, {"model": "testimonial_plugin.testimonialplugin", "pk": 3, "fields": {}}, {"model": "testimonial_plugin.testimonialplugin", "pk": 7, "fields": {}}, {"model": "testimonial_plugin.testimonial", "pk": 1, "fields": {"customer_name": "Lorem ipsum", "content": "\"Lorem ipsum dolor sit amet, consectetur adipiscing elit\".", "customer_position": "Lorem Ipsum Company", "testimonial_plugin_id": 3}}, {"model": "testimonial_plugin.testimonial", "pk": 2, "fields": {"customer_name": "Stefano", "content": "\"There is no one who loves pain itself, who seeks after it and wants to have it, simply because it is pain...\"", "customer_position": "Stefano Project", "testimonial_plugin_id": 3}}, {"model": "testimonial_plugin.testimonial", "pk": 3, "fields": {"customer_name": "Stefano", "content": "\"There is no one who loves pain itself, who seeks after it and wants to have it, simply because it is pain...\"", "customer_position": "Stefano Project", "testimonial_plugin_id": 7}}, {"model": "testimonial_plugin.testimonial", "pk": 4, "fields": {"customer_name": "Lorem ipsum", "content": "\"Lorem ipsum dolor sit amet, consectetur adipiscing elit\".", "customer_position": "Lorem Ipsum Company", "testimonial_plugin_id": 7}}, {"model": "contact_me_plugin.shortcontact", "pk": 4, "fields": {"email": "phanminhtam1992@gmail.com", "phone": "+84 121 228 5098"}}, {"model": "contact_me_plugin.shortcontact", "pk": 8, "fields": {"email": "phanminhtam1992@gmail.com", "phone": "+84 121 228 5098"}}, {"model": "auth.permission", "pk": 1, "fields": {"name": "Can use Structure mode", "content_type": 1, "codename": "use_structure"}}, {"model": "auth.permission", "pk": 2, "fields": {"name": "Can change page", "content_type": 2, "codename": "change_page"}}, {"model": "auth.permission", "pk": 3, "fields": {"name": "Can add permission", "content_type": 3, "codename": "add_permission"}}, {"model": "auth.permission", "pk": 4, "fields": {"name": "Can change permission", "content_type": 3, "codename": "change_permission"}}, {"model": "auth.permission", "pk": 5, "fields": {"name": "Can delete permission", "content_type": 3, "codename": "delete_permission"}}, {"model": "auth.permission", "pk": 6, "fields": {"name": "Can add group", "content_type": 4, "codename": "add_group"}}, {"model": "auth.permission", "pk": 7, "fields": {"name": "Can change group", "content_type": 4, "codename": "change_group"}}, {"model": "auth.permission", "pk": 8, "fields": {"name": "Can delete group", "content_type": 4, "codename": "delete_group"}}, {"model": "auth.permission", "pk": 9, "fields": {"name": "Can add user", "content_type": 5, "codename": "add_user"}}, {"model": "auth.permission", "pk": 10, "fields": {"name": "Can change user", "content_type": 5, "codename": "change_user"}}, {"model": "auth.permission", "pk": 11, "fields": {"name": "Can delete user", "content_type": 5, "codename": "delete_user"}}, {"model": "auth.permission", "pk": 12, "fields": {"name": "Can add content type", "content_type": 6, "codename": "add_contenttype"}}, {"model": "auth.permission", "pk": 13, "fields": {"name": "Can change content type", "content_type": 6, "codename": "change_contenttype"}}, {"model": "auth.permission", "pk": 14, "fields": {"name": "Can delete content type", "content_type": 6, "codename": "delete_contenttype"}}, {"model": "auth.permission", "pk": 15, "fields": {"name": "Can add session", "content_type": 7, "codename": "add_session"}}, {"model": "auth.permission", "pk": 16, "fields": {"name": "Can change session", "content_type": 7, "codename": "change_session"}}, {"model": "auth.permission", "pk": 17, "fields": {"name": "Can delete session", "content_type": 7, "codename": "delete_session"}}, {"model": "auth.permission", "pk": 18, "fields": {"name": "Can add log entry", "content_type": 8, "codename": "add_logentry"}}, {"model": "auth.permission", "pk": 19, "fields": {"name": "Can change log entry", "content_type": 8, "codename": "change_logentry"}}, {"model": "auth.permission", "pk": 20, "fields": {"name": "Can delete log entry", "content_type": 8, "codename": "delete_logentry"}}, {"model": "auth.permission", "pk": 21, "fields": {"name": "Can add site", "content_type": 9, "codename": "add_site"}}, {"model": "auth.permission", "pk": 22, "fields": {"name": "Can change site", "content_type": 9, "codename": "change_site"}}, {"model": "auth.permission", "pk": 23, "fields": {"name": "Can delete site", "content_type": 9, "codename": "delete_site"}}, {"model": "auth.permission", "pk": 24, "fields": {"name": "Can add cms plugin", "content_type": 10, "codename": "add_cmsplugin"}}, {"model": "auth.permission", "pk": 25, "fields": {"name": "Can change cms plugin", "content_type": 10, "codename": "change_cmsplugin"}}, {"model": "auth.permission", "pk": 26, "fields": {"name": "Can delete cms plugin", "content_type": 10, "codename": "delete_cmsplugin"}}, {"model": "auth.permission", "pk": 27, "fields": {"name": "Can add alias plugin model", "content_type": 11, "codename": "add_aliaspluginmodel"}}, {"model": "auth.permission", "pk": 28, "fields": {"name": "Can change alias plugin model", "content_type": 11, "codename": "change_aliaspluginmodel"}}, {"model": "auth.permission", "pk": 29, "fields": {"name": "Can delete alias plugin model", "content_type": 11, "codename": "delete_aliaspluginmodel"}}, {"model": "auth.permission", "pk": 30, "fields": {"name": "Can add Page global permission", "content_type": 12, "codename": "add_globalpagepermission"}}, {"model": "auth.permission", "pk": 31, "fields": {"name": "Can change Page global permission", "content_type": 12, "codename": "change_globalpagepermission"}}, {"model": "auth.permission", "pk": 32, "fields": {"name": "Can delete Page global permission", "content_type": 12, "codename": "delete_globalpagepermission"}}, {"model": "auth.permission", "pk": 33, "fields": {"name": "Can add page", "content_type": 2, "codename": "add_page"}}, {"model": "auth.permission", "pk": 34, "fields": {"name": "Can delete page", "content_type": 2, "codename": "delete_page"}}, {"model": "auth.permission", "pk": 35, "fields": {"name": "Can view page", "content_type": 2, "codename": "view_page"}}, {"model": "auth.permission", "pk": 36, "fields": {"name": "Can publish page", "content_type": 2, "codename": "publish_page"}}, {"model": "auth.permission", "pk": 37, "fields": {"name": "Can edit static placeholders", "content_type": 2, "codename": "edit_static_placeholder"}}, {"model": "auth.permission", "pk": 38, "fields": {"name": "Can add Page permission", "content_type": 13, "codename": "add_pagepermission"}}, {"model": "auth.permission", "pk": 39, "fields": {"name": "Can change Page permission", "content_type": 13, "codename": "change_pagepermission"}}, {"model": "auth.permission", "pk": 40, "fields": {"name": "Can delete Page permission", "content_type": 13, "codename": "delete_pagepermission"}}, {"model": "auth.permission", "pk": 41, "fields": {"name": "Can add User (page)", "content_type": 14, "codename": "add_pageuser"}}, {"model": "auth.permission", "pk": 42, "fields": {"name": "Can change User (page)", "content_type": 14, "codename": "change_pageuser"}}, {"model": "auth.permission", "pk": 43, "fields": {"name": "Can delete User (page)", "content_type": 14, "codename": "delete_pageuser"}}, {"model": "auth.permission", "pk": 44, "fields": {"name": "Can add User group (page)", "content_type": 15, "codename": "add_pageusergroup"}}, {"model": "auth.permission", "pk": 45, "fields": {"name": "Can change User group (page)", "content_type": 15, "codename": "change_pageusergroup"}}, {"model": "auth.permission", "pk": 46, "fields": {"name": "Can delete User group (page)", "content_type": 15, "codename": "delete_pageusergroup"}}, {"model": "auth.permission", "pk": 47, "fields": {"name": "Can add placeholder", "content_type": 1, "codename": "add_placeholder"}}, {"model": "auth.permission", "pk": 48, "fields": {"name": "Can change placeholder", "content_type": 1, "codename": "change_placeholder"}}, {"model": "auth.permission", "pk": 49, "fields": {"name": "Can delete placeholder", "content_type": 1, "codename": "delete_placeholder"}}, {"model": "auth.permission", "pk": 50, "fields": {"name": "Can add placeholder reference", "content_type": 16, "codename": "add_placeholderreference"}}, {"model": "auth.permission", "pk": 51, "fields": {"name": "Can change placeholder reference", "content_type": 16, "codename": "change_placeholderreference"}}, {"model": "auth.permission", "pk": 52, "fields": {"name": "Can delete placeholder reference", "content_type": 16, "codename": "delete_placeholderreference"}}, {"model": "auth.permission", "pk": 53, "fields": {"name": "Can add static placeholder", "content_type": 17, "codename": "add_staticplaceholder"}}, {"model": "auth.permission", "pk": 54, "fields": {"name": "Can change static placeholder", "content_type": 17, "codename": "change_staticplaceholder"}}, {"model": "auth.permission", "pk": 55, "fields": {"name": "Can delete static placeholder", "content_type": 17, "codename": "delete_staticplaceholder"}}, {"model": "auth.permission", "pk": 56, "fields": {"name": "Can add title", "content_type": 18, "codename": "add_title"}}, {"model": "auth.permission", "pk": 57, "fields": {"name": "Can change title", "content_type": 18, "codename": "change_title"}}, {"model": "auth.permission", "pk": 58, "fields": {"name": "Can delete title", "content_type": 18, "codename": "delete_title"}}, {"model": "auth.permission", "pk": 59, "fields": {"name": "Can add user setting", "content_type": 19, "codename": "add_usersettings"}}, {"model": "auth.permission", "pk": 60, "fields": {"name": "Can change user setting", "content_type": 19, "codename": "change_usersettings"}}, {"model": "auth.permission", "pk": 61, "fields": {"name": "Can delete user setting", "content_type": 19, "codename": "delete_usersettings"}}, {"model": "auth.permission", "pk": 62, "fields": {"name": "Can add urlconf revision", "content_type": 20, "codename": "add_urlconfrevision"}}, {"model": "auth.permission", "pk": 63, "fields": {"name": "Can change urlconf revision", "content_type": 20, "codename": "change_urlconfrevision"}}, {"model": "auth.permission", "pk": 64, "fields": {"name": "Can delete urlconf revision", "content_type": 20, "codename": "delete_urlconfrevision"}}, {"model": "auth.permission", "pk": 65, "fields": {"name": "Can add cache key", "content_type": 23, "codename": "add_cachekey"}}, {"model": "auth.permission", "pk": 66, "fields": {"name": "Can change cache key", "content_type": 23, "codename": "change_cachekey"}}, {"model": "auth.permission", "pk": 67, "fields": {"name": "Can delete cache key", "content_type": 23, "codename": "delete_cachekey"}}, {"model": "auth.permission", "pk": 68, "fields": {"name": "Can add text", "content_type": 24, "codename": "add_text"}}, {"model": "auth.permission", "pk": 69, "fields": {"name": "Can change text", "content_type": 24, "codename": "change_text"}}, {"model": "auth.permission", "pk": 70, "fields": {"name": "Can delete text", "content_type": 24, "codename": "delete_text"}}, {"model": "auth.permission", "pk": 71, "fields": {"name": "Can add clipboard", "content_type": 25, "codename": "add_clipboard"}}, {"model": "auth.permission", "pk": 72, "fields": {"name": "Can change clipboard", "content_type": 25, "codename": "change_clipboard"}}, {"model": "auth.permission", "pk": 73, "fields": {"name": "Can delete clipboard", "content_type": 25, "codename": "delete_clipboard"}}, {"model": "auth.permission", "pk": 74, "fields": {"name": "Can add clipboard item", "content_type": 26, "codename": "add_clipboarditem"}}, {"model": "auth.permission", "pk": 75, "fields": {"name": "Can change clipboard item", "content_type": 26, "codename": "change_clipboarditem"}}, {"model": "auth.permission", "pk": 76, "fields": {"name": "Can delete clipboard item", "content_type": 26, "codename": "delete_clipboarditem"}}, {"model": "auth.permission", "pk": 77, "fields": {"name": "Can add file", "content_type": 27, "codename": "add_file"}}, {"model": "auth.permission", "pk": 78, "fields": {"name": "Can change file", "content_type": 27, "codename": "change_file"}}, {"model": "auth.permission", "pk": 79, "fields": {"name": "Can delete file", "content_type": 27, "codename": "delete_file"}}, {"model": "auth.permission", "pk": 80, "fields": {"name": "Can add Folder", "content_type": 28, "codename": "add_folder"}}, {"model": "auth.permission", "pk": 81, "fields": {"name": "Can change Folder", "content_type": 28, "codename": "change_folder"}}, {"model": "auth.permission", "pk": 82, "fields": {"name": "Can delete Folder", "content_type": 28, "codename": "delete_folder"}}, {"model": "auth.permission", "pk": 83, "fields": {"name": "Can use directory listing", "content_type": 28, "codename": "can_use_directory_listing"}}, {"model": "auth.permission", "pk": 84, "fields": {"name": "Can add folder permission", "content_type": 29, "codename": "add_folderpermission"}}, {"model": "auth.permission", "pk": 85, "fields": {"name": "Can change folder permission", "content_type": 29, "codename": "change_folderpermission"}}, {"model": "auth.permission", "pk": 86, "fields": {"name": "Can delete folder permission", "content_type": 29, "codename": "delete_folderpermission"}}, {"model": "auth.permission", "pk": 87, "fields": {"name": "Can add image", "content_type": 30, "codename": "add_image"}}, {"model": "auth.permission", "pk": 88, "fields": {"name": "Can change image", "content_type": 30, "codename": "change_image"}}, {"model": "auth.permission", "pk": 89, "fields": {"name": "Can delete image", "content_type": 30, "codename": "delete_image"}}, {"model": "auth.permission", "pk": 90, "fields": {"name": "Can add thumbnail option", "content_type": 31, "codename": "add_thumbnailoption"}}, {"model": "auth.permission", "pk": 91, "fields": {"name": "Can change thumbnail option", "content_type": 31, "codename": "change_thumbnailoption"}}, {"model": "auth.permission", "pk": 92, "fields": {"name": "Can delete thumbnail option", "content_type": 31, "codename": "delete_thumbnailoption"}}, {"model": "auth.permission", "pk": 93, "fields": {"name": "Can add source", "content_type": 32, "codename": "add_source"}}, {"model": "auth.permission", "pk": 94, "fields": {"name": "Can change source", "content_type": 32, "codename": "change_source"}}, {"model": "auth.permission", "pk": 95, "fields": {"name": "Can delete source", "content_type": 32, "codename": "delete_source"}}, {"model": "auth.permission", "pk": 96, "fields": {"name": "Can add thumbnail", "content_type": 33, "codename": "add_thumbnail"}}, {"model": "auth.permission", "pk": 97, "fields": {"name": "Can change thumbnail", "content_type": 33, "codename": "change_thumbnail"}}, {"model": "auth.permission", "pk": 98, "fields": {"name": "Can delete thumbnail", "content_type": 33, "codename": "delete_thumbnail"}}, {"model": "auth.permission", "pk": 99, "fields": {"name": "Can add thumbnail dimensions", "content_type": 34, "codename": "add_thumbnaildimensions"}}, {"model": "auth.permission", "pk": 100, "fields": {"name": "Can change thumbnail dimensions", "content_type": 34, "codename": "change_thumbnaildimensions"}}, {"model": "auth.permission", "pk": 101, "fields": {"name": "Can delete thumbnail dimensions", "content_type": 34, "codename": "delete_thumbnaildimensions"}}, {"model": "auth.permission", "pk": 102, "fields": {"name": "Can add column", "content_type": 35, "codename": "add_column"}}, {"model": "auth.permission", "pk": 103, "fields": {"name": "Can change column", "content_type": 35, "codename": "change_column"}}, {"model": "auth.permission", "pk": 104, "fields": {"name": "Can delete column", "content_type": 35, "codename": "delete_column"}}, {"model": "auth.permission", "pk": 105, "fields": {"name": "Can add multi columns", "content_type": 36, "codename": "add_multicolumns"}}, {"model": "auth.permission", "pk": 106, "fields": {"name": "Can change multi columns", "content_type": 36, "codename": "change_multicolumns"}}, {"model": "auth.permission", "pk": 107, "fields": {"name": "Can delete multi columns", "content_type": 36, "codename": "delete_multicolumns"}}, {"model": "auth.permission", "pk": 108, "fields": {"name": "Can add file", "content_type": 37, "codename": "add_file"}}, {"model": "auth.permission", "pk": 109, "fields": {"name": "Can change file", "content_type": 37, "codename": "change_file"}}, {"model": "auth.permission", "pk": 110, "fields": {"name": "Can delete file", "content_type": 37, "codename": "delete_file"}}, {"model": "auth.permission", "pk": 111, "fields": {"name": "Can add folder", "content_type": 38, "codename": "add_folder"}}, {"model": "auth.permission", "pk": 112, "fields": {"name": "Can change folder", "content_type": 38, "codename": "change_folder"}}, {"model": "auth.permission", "pk": 113, "fields": {"name": "Can delete folder", "content_type": 38, "codename": "delete_folder"}}, {"model": "auth.permission", "pk": 114, "fields": {"name": "Can add link", "content_type": 39, "codename": "add_link"}}, {"model": "auth.permission", "pk": 115, "fields": {"name": "Can change link", "content_type": 39, "codename": "change_link"}}, {"model": "auth.permission", "pk": 116, "fields": {"name": "Can delete link", "content_type": 39, "codename": "delete_link"}}, {"model": "auth.permission", "pk": 117, "fields": {"name": "Can add picture", "content_type": 40, "codename": "add_picture"}}, {"model": "auth.permission", "pk": 118, "fields": {"name": "Can change picture", "content_type": 40, "codename": "change_picture"}}, {"model": "auth.permission", "pk": 119, "fields": {"name": "Can delete picture", "content_type": 40, "codename": "delete_picture"}}, {"model": "auth.permission", "pk": 120, "fields": {"name": "Can add Snippet", "content_type": 41, "codename": "add_snippet"}}, {"model": "auth.permission", "pk": 121, "fields": {"name": "Can change Snippet", "content_type": 41, "codename": "change_snippet"}}, {"model": "auth.permission", "pk": 122, "fields": {"name": "Can delete Snippet", "content_type": 41, "codename": "delete_snippet"}}, {"model": "auth.permission", "pk": 123, "fields": {"name": "Can add Snippet", "content_type": 42, "codename": "add_snippetptr"}}, {"model": "auth.permission", "pk": 124, "fields": {"name": "Can change Snippet", "content_type": 42, "codename": "change_snippetptr"}}, {"model": "auth.permission", "pk": 125, "fields": {"name": "Can delete Snippet", "content_type": 42, "codename": "delete_snippetptr"}}, {"model": "auth.permission", "pk": 126, "fields": {"name": "Can add google map", "content_type": 43, "codename": "add_googlemap"}}, {"model": "auth.permission", "pk": 127, "fields": {"name": "Can change google map", "content_type": 43, "codename": "change_googlemap"}}, {"model": "auth.permission", "pk": 128, "fields": {"name": "Can delete google map", "content_type": 43, "codename": "delete_googlemap"}}, {"model": "auth.permission", "pk": 129, "fields": {"name": "Can add google map marker", "content_type": 44, "codename": "add_googlemapmarker"}}, {"model": "auth.permission", "pk": 130, "fields": {"name": "Can change google map marker", "content_type": 44, "codename": "change_googlemapmarker"}}, {"model": "auth.permission", "pk": 131, "fields": {"name": "Can delete google map marker", "content_type": 44, "codename": "delete_googlemapmarker"}}, {"model": "auth.permission", "pk": 132, "fields": {"name": "Can add google map route", "content_type": 45, "codename": "add_googlemaproute"}}, {"model": "auth.permission", "pk": 133, "fields": {"name": "Can change google map route", "content_type": 45, "codename": "change_googlemaproute"}}, {"model": "auth.permission", "pk": 134, "fields": {"name": "Can delete google map route", "content_type": 45, "codename": "delete_googlemaproute"}}, {"model": "auth.permission", "pk": 135, "fields": {"name": "Can add video player", "content_type": 46, "codename": "add_videoplayer"}}, {"model": "auth.permission", "pk": 136, "fields": {"name": "Can change video player", "content_type": 46, "codename": "change_videoplayer"}}, {"model": "auth.permission", "pk": 137, "fields": {"name": "Can delete video player", "content_type": 46, "codename": "delete_videoplayer"}}, {"model": "auth.permission", "pk": 138, "fields": {"name": "Can add video source", "content_type": 47, "codename": "add_videosource"}}, {"model": "auth.permission", "pk": 139, "fields": {"name": "Can change video source", "content_type": 47, "codename": "change_videosource"}}, {"model": "auth.permission", "pk": 140, "fields": {"name": "Can delete video source", "content_type": 47, "codename": "delete_videosource"}}, {"model": "auth.permission", "pk": 141, "fields": {"name": "Can add video track", "content_type": 48, "codename": "add_videotrack"}}, {"model": "auth.permission", "pk": 142, "fields": {"name": "Can change video track", "content_type": 48, "codename": "change_videotrack"}}, {"model": "auth.permission", "pk": 143, "fields": {"name": "Can delete video track", "content_type": 48, "codename": "delete_videotrack"}}, {"model": "auth.permission", "pk": 144, "fields": {"name": "Can add style", "content_type": 49, "codename": "add_style"}}, {"model": "auth.permission", "pk": 145, "fields": {"name": "Can change style", "content_type": 49, "codename": "change_style"}}, {"model": "auth.permission", "pk": 146, "fields": {"name": "Can delete style", "content_type": 49, "codename": "delete_style"}}, {"model": "auth.permission", "pk": 147, "fields": {"name": "Can add hero area", "content_type": 50, "codename": "add_heroarea"}}, {"model": "auth.permission", "pk": 148, "fields": {"name": "Can change hero area", "content_type": 50, "codename": "change_heroarea"}}, {"model": "auth.permission", "pk": 149, "fields": {"name": "Can delete hero area", "content_type": 50, "codename": "delete_heroarea"}}, {"model": "auth.permission", "pk": 150, "fields": {"name": "Can add overview", "content_type": 51, "codename": "add_overview"}}, {"model": "auth.permission", "pk": 151, "fields": {"name": "Can change overview", "content_type": 51, "codename": "change_overview"}}, {"model": "auth.permission", "pk": 152, "fields": {"name": "Can delete overview", "content_type": 51, "codename": "delete_overview"}}, {"model": "auth.permission", "pk": 153, "fields": {"name": "Can add overview item", "content_type": 52, "codename": "add_overviewitem"}}, {"model": "auth.permission", "pk": 154, "fields": {"name": "Can change overview item", "content_type": 52, "codename": "change_overviewitem"}}, {"model": "auth.permission", "pk": 155, "fields": {"name": "Can delete overview item", "content_type": 52, "codename": "delete_overviewitem"}}, {"model": "auth.permission", "pk": 156, "fields": {"name": "Can add testimonial", "content_type": 53, "codename": "add_testimonial"}}, {"model": "auth.permission", "pk": 157, "fields": {"name": "Can change testimonial", "content_type": 53, "codename": "change_testimonial"}}, {"model": "auth.permission", "pk": 158, "fields": {"name": "Can delete testimonial", "content_type": 53, "codename": "delete_testimonial"}}, {"model": "auth.permission", "pk": 159, "fields": {"name": "Can add testimonial plugin", "content_type": 54, "codename": "add_testimonialplugin"}}, {"model": "auth.permission", "pk": 160, "fields": {"name": "Can change testimonial plugin", "content_type": 54, "codename": "change_testimonialplugin"}}, {"model": "auth.permission", "pk": 161, "fields": {"name": "Can delete testimonial plugin", "content_type": 54, "codename": "delete_testimonialplugin"}}, {"model": "auth.permission", "pk": 162, "fields": {"name": "Can add message", "content_type": 55, "codename": "add_message"}}, {"model": "auth.permission", "pk": 163, "fields": {"name": "Can change message", "content_type": 55, "codename": "change_message"}}, {"model": "auth.permission", "pk": 164, "fields": {"name": "Can delete message", "content_type": 55, "codename": "delete_message"}}, {"model": "auth.permission", "pk": 165, "fields": {"name": "Can add short contact", "content_type": 56, "codename": "add_shortcontact"}}, {"model": "auth.permission", "pk": 166, "fields": {"name": "Can change short contact", "content_type": 56, "codename": "change_shortcontact"}}, {"model": "auth.permission", "pk": 167, "fields": {"name": "Can delete short contact", "content_type": 56, "codename": "delete_shortcontact"}}, {"model": "auth.permission", "pk": 168, "fields": {"name": "Can add media asset", "content_type": 57, "codename": "add_mediaasset"}}, {"model": "auth.permission", "pk": 169, "fields": {"name": "Can change media asset", "content_type": 57, "codename": "change_mediaasset"}}, {"model": "auth.permission", "pk": 170, "fields": {"name": "Can delete media asset", "content_type": 57, "codename": "delete_mediaasset"}}, {"model": "auth.permission", "pk": 171, "fields": {"name": "Can add project", "content_type": 58, "codename": "add_project"}}, {"model": "auth.permission", "pk": 172, "fields": {"name": "Can change project", "content_type": 58, "codename": "change_project"}}, {"model": "auth.permission", "pk": 173, "fields": {"name": "Can delete project", "content_type": 58, "codename": "delete_project"}}, {"model": "auth.permission", "pk": 174, "fields": {"name": "Can add tag", "content_type": 59, "codename": "add_tag"}}, {"model": "auth.permission", "pk": 175, "fields": {"name": "Can change tag", "content_type": 59, "codename": "change_tag"}}, {"model": "auth.permission", "pk": 176, "fields": {"name": "Can delete tag", "content_type": 59, "codename": "delete_tag"}}, {"model": "auth.permission", "pk": 177, "fields": {"name": "Can add milestone item", "content_type": 60, "codename": "add_milestoneitem"}}, {"model": "auth.permission", "pk": 178, "fields": {"name": "Can change milestone item", "content_type": 60, "codename": "change_milestoneitem"}}, {"model": "auth.permission", "pk": 179, "fields": {"name": "Can delete milestone item", "content_type": 60, "codename": "delete_milestoneitem"}}, {"model": "auth.permission", "pk": 180, "fields": {"name": "Can add profile", "content_type": 61, "codename": "add_profile"}}, {"model": "auth.permission", "pk": 181, "fields": {"name": "Can change profile", "content_type": 61, "codename": "change_profile"}}, {"model": "auth.permission", "pk": 182, "fields": {"name": "Can delete profile", "content_type": 61, "codename": "delete_profile"}}, {"model": "auth.user", "pk": 1, "fields": {"password": "pbkdf2_sha256$36000$xt32hel5ataN$+Hse0EdeMRdgkb0Bsulqj7UdR1s3bJGsX4b6Qzj+3hc=", "last_login": "2018-04-04T01:47:24.378Z", "is_superuser": true, "username": "sinhnt", "first_name": "", "last_name": "", "email": "", "is_staff": true, "is_active": true, "date_joined": "2018-04-04T01:47:06.205Z", "groups": [], "user_permissions": []}}, {"model": "admin.logentry", "pk": 1, "fields": {"action_time": "2018-04-04T01:54:55.893Z", "user": 1, "content_type": 2, "object_id": "1", "object_repr": "Home", "action_flag": 2, "change_message": ""}}, {"model": "cms.usersettings", "pk": 1, "fields": {"user": 1, "language": "en", "clipboard": 1}}]